{"alert_name":"Data Exfiltration/Unusual Port Activity","priority":"Medium","index":"test-zeek","log_uid":"m2f_xYUBeiy-i6JN-AAI", "@timestamp":"2022-12-09T19:16:05.554Z"}
{"alert_name":"Encrypted Powershell Commands","priority":"High","index":"test-windows","log_uid":"xGdVxoUBeiy-i6JNwTax", "@timestamp":"2022-12-09T19:16:05.554Z"}
{"alert_name":"Suricata Flow Alert","priority":"Low","index":"test-suricata","log_uid":"XmdwxoUBeiy-i6JNMziY", "@timestamp":"2022-12-09T19:16:05.554Z"}
{"alert_name":"Change to Cisco Switch Configuration","priority":"High","index":"test-cisco","log_uid":"lGbIxYUBeiy-i6JN5MHb", "@timestamp":"2022-12-09T19:16:05.554Z"}
