{"realtimestamp":"2023-02-08T14:27:52.421Z","message":"Interface Gi0/7: PD removed","syslog":{"facility_label":"local7","priority":189,"facility":23,"severity_label":"Notice"},"fileset":{"name":"ios"},"agent":{"type":"filebeat","version":"8.4.3","id":"ccb3daa5-8548-40c3-a098-ad95f2371666","name":"indexblade01","ephemeral_id":"5a7b81fa-0c18-42ae-a3f8-19f3a72a54a6"},"host":{"name":"indexblade01","architecture":"x86_64","os":{"type":"linux","version":"20.04.5 LTS (Focal Fossa)","codename":"focal","family":"debian","kernel":"5.15.0-50-generic","name":"Ubuntu","platform":"ubuntu"},"mac":["a4:bf:01:64:12:c9","a4:bf:01:64:12:ca"],"id":"b25cc7f245574e1eba70b55c54c802e0","ip":["10.5.54.21","fe80::1e2c:7868:7ee1:8dd5","10.5.7.21","fe80::d51a:4317:94f6:b457"],"containerized":false,"hostname":"indexblade01"},"logstash_processed_at":"2023-02-08T21:27:55.969615Z","service":{"type":"cisco"},"hostname":"MST","log":{"flags":["dissect_parsing_error"]},"source":{"ip":"10.5.63.11","port":57871},"@version":"1","input":{"type":"syslog"},"event.sequence":240,"error":{"message":"GoError: could not find delimiter: `` in remaining: `Interface Gi0/7: PD removed`, (offset: 0)"},"tags":["cisco","_js_exception","beats_input_codec_plain_applied","timestamp_changed"],"ecs":{"version":"1.12.0"},"@timestamp":"2023-02-08T21:27:55.969Z","process":{"program":"%ILPOWER-5-IEEE_DISCONNECT"},"event":{"severity":5,"original":"Interface Gi0/7: PD removed","dataset":"cisco.ios","module":"cisco","timezone":"+00:00"}}
